{"stores":[{"id":22,"name":"32 - Yellow - Qc - Bouvier","address":"1040, rue Bouvier<br>Qu\u00e9bec, G2K 1L9","lat":"46.830350","lng":"-71.283439","phone":null,"hours":"Monday\/Lundi: 9:30-17:30<br \/>\r\nTuesday\/Mardi: 9:30-17:30<br \/>\r\nWednesday\/Mercredi: 9:30-17:30<br \/>\r\nThursday\/Jeudi: 9:30-20:00<br \/>\r\nFriday\/Vendredi: 9:30-20:00<br \/>\r\nSaturday\/Samedi: 9:00-17:00<br \/>\r\nSunday\/Dimanche 10:00-17:00"},{"id":69,"name":"109 - Yellow - Gatineau","address":"680, boul. Maloney Ouest<br>Gatineau, J8T 8K7","lat":"45.482349","lng":"-75.676543","phone":"819-243-1038","hours":"Monday\/Lundi: 9:30-18:00<br \/>\nTuesday\/Mardi: 9:30-18:00<br \/>\nWednesday\/Mercredi: 9:30-18:00<br \/>\nThursday\/Jeudi: 9:30-20:00<br \/>\nFriday\/Vendredi: 9:30-20:00<br \/>\nSaturday\/Samedi: 9:00-17:00<br \/>\nSunday\/Dimanche 10:00-17:00"},{"id":70,"name":"110 - Yellow - Sherbrooke","address":"2980, Boul. de Portland<br>Sherbrooke, J1L 1R8","lat":"45.403039","lng":"-71.950223","phone":"819-562-0539","hours":"Monday\/Lundi: 9:30-17:30<br \/>\nTuesday\/Mardi: 9:30-17:30<br \/>\nWednesday\/Mercredi: 9:30-17:30<br \/>\nThursday\/Jeudi: 9:30-20:00<br \/>\nFriday\/Vendredi: 9:30-20:00<br \/>\nSaturday\/Samedi: 9:30-17:00<br \/>\nSunday\/Dimanche 10:00-17:00"},{"id":74,"name":"114 - Yellow - St-Bruno","address":"1485, boul. St-Bruno<br>St-Bruno, J3V 6J1","lat":"45.508176","lng":"-73.381787","phone":"450-461-3428","hours":"Monday\/Lundi: FERM\u00c9<br \/>\nTuesday\/Mardi: FERM\u00c9<br \/>\nWednesday\/Mercredi: FERM\u00c9<br \/>\nThursday\/Jeudi: FERM\u00c9<br \/>\nFriday\/Vendredi: FERM\u00c9<br \/>\nSaturday\/Samedi: FERM\u00c9<br \/>\nSunday\/Dimanche FERM\u00c9"},{"id":75,"name":"116 - Yellow - Rosem\u00e8re","address":"390, boul. Labelle<br>Rosem\u00e8re, J7A 3R8","lat":"45.632239","lng":"-73.815114","phone":"450-979-1428","hours":"Monday\/Lundi: 10:00-18:00<br \/>\nTuesday\/Mardi: 10:00-18:00<br \/>\nWednesday\/Mercredi: 10:00-18:00<br \/>\nThursday\/Jeudi: 10:00-20:00<br \/>\nFriday\/Vendredi: 10:00-20:00<br \/>\nSaturday\/Samedi: 9:00-17:00<br \/>\nSunday\/Dimanche 10:00-17:00"},{"id":80,"name":"203 - Cit\u00e9 - Chicoutimi","address":"1401, boul. Talbot<br>Chicoutimi, G7H 5N6","lat":"48.405232","lng":"-71.054409","phone":"418-545-4566","hours":"Monday\/Lundi: 9:30-17:00<br \/>\nTuesday\/Mardi: 9:30-17:00<br \/>\nWednesday\/Mercredi: 9:30-17:00<br \/>\nThursday\/Jeudi: 9:30-21:00<br \/>\nFriday\/Vendredi: 9:30-21:00<br \/>\nSaturday\/Samedi: 9:30-17:00<br \/>\nSunday\/Dimanche 10:00-16:00"},{"id":81,"name":"206 - Cit\u00e9 Joliette","address":"1075, Boulevard Firestone<br>Joliette, J6E 6X6","lat":"46.032891","lng":"-73.424427","phone":"450-755-8467","hours":"Monday\/Lundi: 10:00-17:30<br \/>\nTuesday\/Mardi: 10:00-17:30<br \/>\nWednesday\/Mercredi: 10:00-17:30<br \/>\nThursday\/Jeudi: 10:00-20:00<br \/>\nFriday\/Vendredi: 10:00-20:00<br \/>\nSaturday\/Samedi: 9:00-17:00<br \/>\nSunday\/Dimanche 10:00-17:00"}]}